date,n,mean_act,rms_act,std_act,skewness_act,kurtosis_act,shape_factor_act,crest_factor_act,impulse_factor_act,peak_activity,variance_act,autocorrelation_act,Label
2003-05-08,1440,156.24722222222223,277.25084660726367,229.10977669416727,2.017975480461607,5.816912405305559,3.14862653861514,7.0477692815413295,1954,1954,52491.28977685122,0.6971138961087627,condition
2003-05-09,1440,124.13541666666669,244.9520176937153,211.24127771467428,2.4856455028468045,7.581422089643284,3.8937730029138,6.825826607767103,1672,1672,44622.87741052814,0.6617766753411262,condition
2003-05-10,1440,134.96180555555554,267.428000435008,230.95473189730907,3.0029924112198234,12.496526663625623,3.926376979501117,8.024589783078957,2146,2146,53340.08818575792,0.6716033281911612,condition
2003-05-11,1440,99.43958333333332,203.5944140114524,177.7199715455081,3.2795115235932184,18.290821976517528,4.191921338992242,10.216390317481885,2080,2080,31584.388286136204,0.5644505056612187,condition
2003-05-12,1440,316.8743055555556,588.5896331485969,496.1848471446914,2.041788542943834,4.700157349837449,3.450254789097809,5.990591409396802,3526,3526,246199.40253600077,0.7991032724293592,condition
2003-05-13,1440,108.47569444444444,229.5989090300252,202.4281084463396,3.8474467724555503,25.434878561339712,4.479966454429014,9.947782459634055,2284,2284,40977.13908916303,0.6058636469971923,condition
2003-05-14,1440,155.68472222222223,296.5449984591059,252.47865467389687,2.5029328349613342,7.696399065768602,3.62818325782971,6.1913032070685485,1836,1836,63745.47106594087,0.7265568669937115,condition
2003-05-15,1440,170.87708333333333,315.75357722087296,265.61313448133404,2.07082850667295,4.4702999211722005,3.414514126642938,5.463121004622362,1725,1725,70550.33720899923,0.7075248932584407,condition
2003-05-16,1440,190.50833333333333,336.3943680166678,277.3466481469714,2.076323148648467,5.341733291704538,3.117952373379169,5.992965969930004,2016,2016,76921.16323835995,0.6932015808633647,condition
2003-05-17,1440,177.76041666666666,339.41199665336256,289.24009895975234,2.151778124782568,4.932017183594377,3.645727951647967,5.580238820887406,1894,1894,83659.83484624734,0.7959177534093351,condition
2003-05-18,1440,97.72916666666669,222.3918807220963,199.83716160177383,3.223642175437793,14.709347522585222,5.178326908646078,9.352859435543849,2080,2080,39934.89115705349,0.6545520387869947,condition
2003-05-19,1440,168.1027777777778,364.61848592436695,323.66780341786534,2.901484807916732,10.7611816785412,4.70465289238595,7.092344737936342,2586,2586,104760.84696934592,0.7970749115577088,condition
2003-05-20,1440,111.48819444444445,229.89022591711512,201.11684999483612,2.4192934585357664,6.139615209707798,4.251902037224535,5.480876774875509,1260,1260,40447.98735184543,0.7215103067825496,condition
2003-05-21,1440,199.59722222222223,591.6635305081203,557.173462327694,3.833252009713508,14.394225062325582,8.786999777911353,5.776932029365784,3418,3418,310442.26712223026,0.8916192710988737,condition
2003-05-22,1440,71.1125,232.7456975375103,221.69281092284305,3.977678376478417,16.314335763514602,10.712021346398204,6.5350295025534,1521,1521,49147.70241487144,0.8276684618229834,condition
2003-05-08,1440,259.6451388888889,453.4180473850202,371.8445202384884,2.4634692610886573,9.902395062767308,3.049560210697636,8.239636736002202,3736,3736,138268.34723139158,0.7094316164848224,condition
2003-05-09,1440,244.09652777777777,406.8900812190492,325.6532960107539,2.1273600591782804,7.079784312865514,2.778631807801009,7.626138220679556,3103,3103,106050.06920266768,0.7041176070567795,condition
2003-05-10,1440,155.42430555555555,298.139614712824,254.51031037753248,2.142097910649312,4.486191123970041,3.679607544059102,4.772931639328345,1423,1423,64775.49808846792,0.7586660566598347,condition
2003-05-11,1440,116.46388888888887,241.40332778705985,211.5249409428523,2.440241294776056,6.328697139445498,4.296392302792598,6.275804123696135,1515,1515,44742.800640877154,0.7388213491066445,condition
2003-05-12,1440,224.54166666666663,450.0177789697746,390.1316927206058,3.2402225695248763,15.12626344166329,4.016663594607147,7.333043613420536,3300,3300,152202.73766504522,0.6885550488618296,condition
2003-05-13,1440,240.96180555555557,501.9009163780348,440.42779672425786,2.882252572538654,9.89231563848918,4.338499579968816,5.813896537702562,2918,2918,193976.64412738415,0.7811395726232511,condition
2003-05-14,1440,226.48472222222225,430.0331947781602,365.6857729629709,2.210394742186767,5.179108997127179,3.605173234560279,5.627472551853578,2420,2420,133726.08454752548,0.7799988169339344,condition
2003-05-15,1440,338.0965277777778,671.7244634975796,580.6363894944661,2.166621947830929,4.055826990115116,3.947307038729537,4.080542170115376,2741,2741,337138.61680516944,0.8966670097188866,condition
2003-05-16,1440,279.04791666666665,483.31641708903055,394.7597220425999,2.0569413708796014,4.7062619519289575,2.9998913496106963,5.007071794861496,2420,2420,155835.23814715073,0.7898451798949063,condition
2003-05-17,1440,180.16458333333333,320.3279580280879,264.95183192604264,2.0816292655745547,5.12814263560377,3.161191804034679,5.709773231344435,1829,1829,70199.47324096595,0.7287871302281861,condition
2003-05-18,1440,109.40694444444443,205.3265962098216,173.81056027208373,2.394416907105304,6.728059025838289,3.522091524557863,5.7372012284088685,1178,1178,30210.11086209565,0.7040041998012563,condition
2003-05-19,1440,68.94930555555555,153.7466101703998,137.46685569144984,3.051962637999539,11.270114640987494,4.972231098651633,7.193654538296504,1106,1106,18897.136413693894,0.6552010300817399,condition
2003-05-20,1440,236.90416666666667,448.5227465432123,380.9853914554103,2.7866514057982767,9.718613042164556,3.5844584249471088,5.567164696204388,2497,2497,145149.86850243225,0.8245015999584789,condition
2003-05-21,1440,287.4555555555556,553.6093914786248,473.295069887356,1.938525145077322,3.238009609982133,3.709073886736208,4.7994128006092325,2657,2657,224008.2231796772,0.854720526033342,condition
2003-05-22,1440,339.39722222222224,648.8620519802341,553.2124534176027,2.0227572820173507,3.5948873302370616,3.655006757306601,4.224318546037421,2741,2741,306044.01861632324,0.8800591476241171,condition
2003-05-23,1440,276.5965277777778,543.1718759339032,467.6343764784376,2.675167037546666,9.134278351994473,3.856391371573665,7.7839081648522095,4228,4228,218681.91006437715,0.7693014751433395,condition
2003-05-24,1440,140.4777777777778,297.63416442561385,262.4879748910351,3.028116408178221,12.818580596604804,4.489007230040062,7.643611762078405,2275,2275,68899.93696239666,0.7597308725921438,condition
2003-05-25,1440,82.36111111111111,205.91629906887465,188.7933304639587,3.737376196352165,18.814407217957392,6.250820881049,10.062340909239824,2072,2072,35642.921627673524,0.6757676140651089,condition
2003-05-26,1440,207.8583333333333,395.4996979911756,336.59114736791406,2.27985394368304,6.047273894993549,3.620407292930492,6.118841587722262,2420,2420,113293.60048644883,0.7019289884305112,condition
2003-05-27,1440,7.311805555555556,7.359753543578903,0.8390236000840227,6.656579048742588,108.69770337255672,1.0131582274234003,3.260978762113449,24,24,0.703960601497954,0.2753529659304349,condition
2003-05-28,1440,8.414583333333333,8.55403575967378,1.5388175721963735,10.621063722827198,219.49818751221653,1.0334200691561315,5.143770874495152,44,44,2.3679595205003414,0.5332211702933988,condition
2003-05-29,1440,8.703472222222222,8.810780959206234,1.3714001810156835,13.239364346802764,320.53983909807096,1.0248108481998173,4.993881950274244,44,44,1.8807384564898493,0.2846286365290027,condition
2003-05-30,1440,8.778472222222222,8.917017127069144,1.5663089047347427,9.825375760028209,168.20950719036583,1.0318137788156057,4.261514748541241,38,38,2.4533235850513493,0.0638145713510696,condition
2003-05-31,1440,9.339583333333334,9.3661254292026,0.704864340641116,15.245777153458349,419.8292584479827,1.00569186222082,3.096264321806009,29,29,0.4968337387074352,0.1214674161366783,condition
2003-06-01,1440,8.936111111111112,8.983008652141244,0.9170314307845244,-0.7125965212672956,2.7845885235240484,1.0105237282238078,1.7811404418703465,16,16,0.8409466450467122,0.4454782126693683,condition
2003-06-02,1440,8.490972222222222,13.084952129152873,9.959329478857631,37.300772259114495,1407.2946681459182,2.374813100581742,29.34668741694972,384,384,99.18824366844262,0.0412219974836901,condition
2003-05-20,1440,276.4138888888889,495.2230361721429,411.0456786188168,1.7791849519478853,2.7982621038271995,3.209829430114844,4.581773936726321,2269,2269,168958.5499112036,0.8440662537030194,condition
2003-05-21,1440,193.98819444444445,361.6571187295749,305.33456148968975,2.413631461674932,6.693931269483101,3.4757092072080664,5.712593207780403,2066,2066,93229.19444010111,0.7918576310597242,condition
2003-05-22,1440,221.61388888888888,448.1231741013476,389.6242869804431,2.414919376201964,6.635330811139268,4.088846973871052,6.699051005385112,3002,3002,151807.08500501871,0.8404514873570494,condition
2003-05-23,1440,324.6923611111111,499.85172176356457,380.16704268606,1.352671222300282,2.046757149905852,2.369944862837756,4.98547847591239,2492,2492,144526.9803446646,0.7744366880636363,condition
2003-05-24,1440,236.54513888888889,409.72085093932486,334.6570595540487,1.892206762257287,3.686445136748376,3.0001852874175574,4.739812473658044,1942,1942,111995.34750936212,0.8450560546921457,condition
2003-05-25,1440,285.68888888888887,466.07754630175725,368.3807501524077,1.7875758139757985,5.05099962855923,2.661519557794874,7.071784569227108,3296,3296,135704.3770828506,0.8209052253858822,condition
2003-05-26,1440,296.5548611111111,518.1731900254114,425.0695758492929,1.8986203643738029,4.410237396182211,3.0530912422013805,6.766077573075644,3506,3506,180684.14431269772,0.8205044141955743,condition
2003-05-27,1440,215.58125,477.6312377824084,426.3596625434476,2.4286952611185715,5.767252682502362,4.908665899875851,5.550306994802757,2651,2651,181782.5618441625,0.8725413122635454,condition
2003-05-28,1440,266.56875,442.6578790857186,353.516459109807,1.8195294300890092,4.338262439850585,2.757515274196038,6.576184763755891,2911,2911,124973.88686153582,0.7778989515637477,condition
2003-05-29,1440,197.92777777777775,355.75805995398366,295.7179747024498,2.2269079289846587,6.808640966235754,3.230695292728498,6.788321254934811,2415,2415,87449.12056211874,0.764693889036506,condition
2003-05-30,1440,340.9548611111111,600.6360581130269,494.654804890613,2.121287763260419,5.733581883759451,3.1033376335726093,6.404876876832587,3847,3847,244683.3760013704,0.8101154191816462,condition
2003-05-31,1440,342.27916666666664,570.0712406747463,456.0379540663173,1.4621139605144453,1.961914774414096,2.7739417178701675,5.432654340419518,3097,3097,207970.61554899247,0.837845459701755,condition
2003-06-01,1440,385.57708333333335,638.9158683313128,509.631399754986,1.625811436444604,2.5359656565608475,2.7457748416380623,4.698584193628602,3002,3002,259724.1636162264,0.8457729081363518,condition
2003-06-02,1440,346.9638888888889,545.712672414095,421.35694306517627,1.5564011260320365,2.532286494535067,2.4737711721026896,4.857867764500769,2651,2651,177541.67346923018,0.7747947810203938,condition
2003-06-04,1440,248.21180555555557,418.9157441472503,337.58027115246654,1.801289638164537,3.484006164876797,2.8484493282034133,5.657462229843854,2370,2370,113960.43947137284,0.7084044886538263,condition
2003-06-05,1440,141.85486111111112,255.90203067884312,213.06001899188632,2.4133898256744475,7.191261454913996,3.2543107336353523,5.998389289557549,1535,1535,45394.57169282297,0.6264551392761439,condition
2003-06-06,1440,144.49652777777777,309.5422213617321,273.8415894458737,2.4177926564891488,5.853113677307161,4.589073011938143,5.614742933465504,1738,1738,74989.21611024249,0.7227460814720152,condition
2003-06-07,1440,158.49027777777778,334.89356932879105,295.1186494930277,4.074410681081682,30.747777851174444,4.46486532148292,11.970967397298852,4009,4009,87095.01727858855,0.7316500339013386,condition
2003-06-08,1440,179.1548611111111,347.2195961011801,297.5339650619948,2.6402773552698617,9.73184566328104,3.7562220854303416,8.21670214479667,2853,2853,88526.46036551234,0.6565227151322574,condition
2003-06-09,1440,185.04513888888889,353.38371790920604,301.1666244715749,2.8284931530524804,11.280460418449248,3.647016345192169,6.915994926025229,2444,2444,90701.33569560264,0.5581089315843767,condition
2003-06-10,1440,375.2611111111111,577.1082172733676,438.5961477663216,1.7505452576457667,4.767194986385041,2.3650884979971942,6.13749708284297,3542,3542,192366.58083545705,0.7224030583121464,condition
2003-06-11,1440,468.20416666666665,731.5590211246724,562.301548330025,1.3881603108469112,2.143024261155184,2.441339577538327,5.480077320127511,4009,4009,316183.03125434334,0.7838404797685541,condition
2003-06-12,1440,429.3076388888889,681.328920505116,529.2433863531887,1.2587114265367656,0.8513190236764987,2.518699845273196,3.8160716824884537,2600,2600,280098.5619985906,0.8099096894377174,condition
2003-06-13,1440,584.2847222222222,871.9304922603254,647.4297133116972,2.195391717821988,10.83322780889054,2.226971556099162,7.77126165462389,6776,6776,419165.23367886647,0.7514916231005629,condition
2003-06-14,1440,235.07847222222225,437.873428724938,369.5484934928494,3.548615554476695,16.66336936013161,3.4695365317283664,7.148184371713028,3130,3130,136566.08904283453,0.6408029941739187,condition
2003-06-15,1440,296.35069444444446,579.4023459326189,498.0518097662834,4.410426543346218,32.24080130255875,3.822509734085616,9.718635141071472,5631,5631,248055.60521147013,0.5386423164695135,condition
2003-06-16,1440,530.4652777777778,837.6577894475895,648.5130864176614,1.5621528311860595,2.7582961853565946,2.493557222639161,4.640319768963602,3887,3887,420569.2232549611,0.793669025869221,condition
2003-06-17,1440,28.700694444444444,159.9163431471454,157.37441356644544,6.159582712087705,39.20000216927169,31.045659503090636,9.30486509831476,1488,1488,24766.70604538261,0.8408223000330893,condition
2003-06-13,1440,197.66875,383.57539911411885,328.8346756579138,2.192633839405984,4.450670257048332,3.76552434147041,4.901252802817719,1880,1880,108132.2439150454,0.8303083125294229,condition
2003-06-14,1440,186.17916666666667,334.028015707931,277.4265333887065,2.1860427093229537,5.893516248957124,3.218871377398186,6.367729351958958,2127,2127,76965.48142807509,0.7353786830556464,condition
2003-06-15,1440,139.44305555555556,269.43223225475043,230.6215448815548,2.780356535643947,11.24960083094701,3.733406825323915,8.143049484612348,2194,2194,53186.29696355498,0.726850654466904,condition
2003-06-16,1440,135.96944444444443,293.30359460993844,259.9735441925288,3.26163413089216,17.518737158579878,4.653204344994495,9.880547164292418,2898,2898,67586.24368002471,0.7271034177002234,condition
2003-06-17,1440,146.59305555555557,285.8479976801968,245.4819790463696,2.3422399388462853,6.392177880131627,3.802274913901624,6.37401701179111,1822,1822,60261.40203652224,0.7273860066414093,condition
2003-06-18,1440,152.12847222222223,304.17701238113165,263.49344819743334,2.800969616721996,9.832197241757411,3.997898577101987,7.439746949596826,2263,2263,69428.7972429735,0.7235845673797972,condition
2003-06-19,1440,151.8798611111111,286.6986646385985,243.2482727159065,2.3213830352818685,6.122426635222484,3.563288265288532,6.355104591424395,1822,1822,59169.72217927202,0.7617705670360523,condition
2003-06-20,1440,140.97847222222222,314.9658149439925,281.7510647657289,3.2912079558645484,15.162809285366698,4.991386959832718,9.493093720446089,2990,2990,79383.66249662198,0.8041612634595978,condition
2003-06-21,1440,258.6,478.3634282054225,402.5793811975382,3.196758776061539,19.06190966547144,3.4218336919848085,9.63493387713738,4609,4609,162070.15816539282,0.7846695801462913,condition
2003-06-22,1440,161.25277777777777,303.2617475053522,256.92619597835653,2.814456007694539,10.74575117793234,3.5368843320022973,7.937037954176925,2407,2407,66011.07017990887,0.6378384638209099,condition
2003-06-23,1440,250.85347222222225,508.71279757508233,442.715885377001,2.8661898115353983,10.57264125228205,4.112492253838817,6.447645932311926,3280,3280,195997.35516514187,0.800211165655881,condition
2003-06-24,1440,201.9208333333333,379.6247178318199,321.5815903190129,2.1097084205482197,4.852859508495899,3.534652342908709,6.340472279432398,2407,2407,103414.71923210546,0.753118114124936,condition
2003-06-25,1440,203.21527777777777,379.18632000347503,320.24527524943966,2.046394058008425,4.470885439004479,3.4817101308629894,5.43795989259608,2062,2062,102557.03631958936,0.7913931998451074,condition
2003-06-26,1440,90.03055555555555,268.80633001392573,253.36914299838412,4.220180587884728,21.74075258678835,8.914543795270284,9.828637591470144,2642,2642,64195.922623735634,0.8059063778976365,condition
2003-08-20,1440,184.70486111111111,389.5394707928268,343.08432557992575,2.3521524757118657,5.237169511524367,4.447810634597187,5.185610577250898,2020,2020,117706.85445863249,0.8243891448495926,condition
2003-08-21,1440,137.0076388888889,344.15132431501377,315.8137166506867,3.857243344941931,19.435425660346947,6.309708939647271,8.801360872368605,3029,3029,99738.3036247202,0.7897043049818931,condition
2003-08-22,1440,190.29861111111111,356.2583780691262,301.27977849841085,2.105491531253199,5.654754346317968,3.504765261132962,6.2258184972975785,2218,2218,90769.5049320515,0.752644125950316,condition
2003-08-23,1440,213.82083333333333,440.8012291397463,385.6029454404024,4.046807702492909,26.096504457036698,4.24996700193213,9.3670337717933,4129,4129,148689.63153231394,0.748863087439794,condition
2003-08-24,1440,202.6472222222222,417.0802680540042,364.6675228424447,2.8602942134316307,12.976470108044744,4.2360197654837854,9.597672933982304,4003,4003,132982.40221604492,0.7710503466958027,condition
2003-08-25,1440,178.66458333333333,361.47548038098887,314.3439344081587,2.486652938651285,6.890325065239982,4.093367577873951,5.765259645836836,2084,2084,98812.1090992008,0.7566282474173777,condition
2003-08-26,1440,183.25416666666663,344.40512118724365,291.7051413486376,2.1751629306405653,5.427013253481568,3.5320877560146573,5.510951734565263,1898,1898,85091.88948922863,0.7473036897090513,condition
2003-08-27,1440,244.9430555555556,433.0588152895632,357.25546881802376,1.7967960280256825,3.157229030952851,3.1258166819201745,4.812279363500639,2084,2084,127631.47000038596,0.750379411815934,condition
2003-08-28,1440,229.26944444444445,428.84952521575417,362.5447751749292,2.1125344645623225,4.817093427132186,3.49878704650015,5.859864246639214,2513,2513,131438.71400663993,0.7626270402863106,condition
2003-08-29,1440,249.22152777777777,402.7229187736347,316.4552476878621,1.4411716550016722,1.8633830332342765,2.611208697313792,4.712917769318317,1898,1898,100143.92378918614,0.7256753960375106,condition
2003-08-30,1440,150.9388888888889,344.5699674957178,309.85898362081235,3.2806394155668674,14.413317625166524,5.211377654821535,9.06637343557466,3124,3124,96012.58973052284,0.7307809222442353,condition
2003-08-31,1440,200.54722222222225,392.15579564193047,337.11407635802993,2.1876703933055617,4.942881771110357,3.823701432049909,4.992913586282453,1958,1958,113645.90047872762,0.7691874192736788,condition
2003-09-01,1440,236.5861111111111,406.44375892202686,330.60466358986514,2.311479017452727,8.779023542198974,2.9513616327433425,7.686180268299594,3124,3124,109299.4435873679,0.6925942999092122,condition
2003-09-02,1440,124.66388888888888,319.8232237415608,294.6287346124988,3.357251319286916,13.67131574161126,6.581708624257877,7.382203119520334,2361,2361,86806.09125936226,0.7571151452994618,condition
2004-05-05,1440,257.3298611111111,425.3103123668124,338.74753402934266,1.7850353993836374,3.8094411247402142,2.7316902645686487,5.334928248913659,2269,2269,114749.89181096067,0.7141638159477492,condition
2004-05-06,1440,103.15416666666668,219.78212696516823,194.1380296291724,3.3247026633980443,15.938161544878929,4.539533173053218,8.5630256927046,1882,1882,37689.57454829743,0.5548485256564516,condition
2004-05-07,1440,377.1666666666667,641.9551040030412,519.652949886004,1.364120233912828,0.9833215570196918,2.8969613773730174,4.824324911022638,3097,3097,270039.1883252258,0.8125814156838239,condition
2004-05-08,1440,451.3513888888889,729.0697830874018,572.7586634752702,1.0934572654514758,0.1978803309763939,2.6092075793695204,4.247878696721035,3097,3097,328052.4865859778,0.8327627032087659,condition
2004-05-09,1440,190.30972222222223,385.9722859941573,335.90947134941587,4.03396339331774,28.04490376765999,4.113299127974866,11.28060267017697,4354,4354,112835.17294224404,0.5179201056334972,condition
2004-05-10,1440,402.9201388888889,683.4340327224957,552.2220649749075,1.280807535211326,0.7541700291917617,2.8771019598208816,4.001849292030399,2735,2735,304949.20904515096,0.8328612180902327,condition
2004-05-11,1440,233.44583333333333,487.3337180801035,427.9303277114869,3.362353168584872,18.72897964867176,4.3579341932607,9.804369824487775,4778,4778,183124.3653752606,0.6583974213097151,condition
2004-05-12,1440,401.7402777777778,673.3085123312921,540.510855868728,2.104529304732002,7.245427938484531,2.8089076386178955,6.877976314253666,4631,4631,292151.98531194485,0.7171564910388296,condition
2004-05-13,1440,478.8986111111111,799.0527212824501,639.863809778368,1.1839464133864062,0.1794906930610231,2.7839646392868307,3.317678457743368,2651,2651,409425.6950640876,0.8197657083883935,condition
2004-05-14,1440,450.3125,694.4757165181036,528.8756147025149,1.013714437319756,0.1000948765167866,2.378406724325112,3.5883184116129403,2492,2492,279709.41582696297,0.7891601283724892,condition
2004-05-15,1440,349.2013888888889,602.6874489410835,491.3839948918497,1.2410808028609417,0.3514167808954713,2.9787384396955643,3.764803803342201,2269,2269,241458.23043587335,0.8398538599125343,condition
2004-05-16,1440,98.98055555555555,253.4900967822346,233.44790547257296,4.2392074419173325,23.794405130544664,6.55876726261064,9.830758801361773,2492,2492,54497.924569531366,0.6431594402947947,condition
2004-05-17,1440,5.833333333333333,47.47704123515327,47.1336868241226,22.06878822666553,592.9586132870687,66.24204081632654,29.867067599614334,1418,1418,2221.584433634468,0.3353483294908705,condition
2004-05-18,1440,52.87152777777778,182.9838468128934,175.23987973649648,5.266049676077199,32.12929569903561,11.97793044485616,9.656590080362731,1767,1767,30709.015450061743,0.7148480923033629,condition
2004-05-07,1440,221.91041666666663,451.8561203217482,393.7478702138588,3.50746892606652,20.81967455958691,4.146149527150695,10.633915938946576,4805,4805,155037.3852979498,0.6513749599392005,condition
2004-05-08,1440,282.74375,580.2700969519856,506.9001807260656,3.531813789909083,18.58969547425198,4.211864139816145,9.369774573184468,5437,5437,256947.79322011795,0.7546903960134945,condition
2004-05-09,1440,194.0402777777778,411.66199727446303,363.18806655970303,3.2985044813166766,13.468480796710498,4.500883566001866,7.569316625363653,3116,3116,131905.57169137528,0.6802084183603602,condition
2004-05-10,1440,327.14722222222224,626.4511198454,534.4287077185287,2.4245305904223,7.31149407497313,3.666805766423766,6.370808309808637,3991,3991,285614.04363369656,0.7808740457372025,condition
2004-05-11,1440,80.7375,208.8065459010112,192.6328080358021,5.692593420432493,38.33418783013382,6.688636946865868,9.961373533692113,2080,2080,37107.398731758185,0.6243996185125822,condition
2004-05-12,1440,322.9173611111111,713.2404412842371,636.1740003314246,3.072176002434857,9.782428450172844,4.878531691343039,5.424538172616245,3869,3869,404717.3586976875,0.8496258370209576,condition
2004-05-13,1440,167.77013888888888,355.30948462025486,313.3148277971569,4.43107464759068,32.905584673045404,4.485225403479979,11.58426717597778,4116,4116,98166.18131756208,0.6726750890512917,condition
2004-05-14,1440,181.8840277777778,467.4925467320308,430.8089693309997,4.926044706163437,35.96733144721563,6.606329889920615,11.630131941154811,5437,5437,185596.36805603825,0.6855403394849572,condition
2004-05-15,1440,252.53194444444443,556.6701060272992,496.2663115024868,2.680594077103987,8.622680703685855,4.859181867408668,6.740078116959277,3752,3752,246280.25193228325,0.7971562226557536,condition
2004-05-16,1440,149.3173611111111,326.7954794923985,290.78915411595875,3.969578161983309,25.1395832735938,4.789955389546898,10.459141005588805,3418,3418,84558.33215147482,0.6194388698114239,condition
2004-05-17,1440,8.063888888888888,44.055678155917406,43.32643616819862,9.985498231852356,121.8013661741869,29.847963947163365,17.22819921903878,759,759,1877.1800710369896,0.471687900044873,condition
2004-05-18,1440,23.88125,109.8852020924059,107.29603108287,7.978548089663811,73.9971750615804,21.172118321829064,11.830528362743411,1300,1300,11512.438286136205,0.5365363346633946,condition
2004-05-28,1440,170.07222222222222,321.2341673573622,272.61408535441944,2.55421084144993,7.831991878082392,3.567604400032243,6.43144537517905,2066,2066,74318.43953362669,0.6757965533835317,condition
2004-05-29,1440,178.37222222222223,337.3123881837461,286.391263596521,2.6744694713865105,9.03673887282858,3.5761039718616376,6.124886225271323,2066,2066,82019.95586441197,0.7341954697405796,condition
2004-05-30,1440,187.0888888888889,360.37238648992576,308.11025550903315,2.80190213001056,10.490840253825096,3.710282860139328,7.58937172361972,2735,2735,94931.9295498417,0.705916238893608,condition
2004-05-31,1440,134.01388888888889,289.8675344014917,257.11743303913755,3.2746278226635264,13.637250331109907,4.678423505546282,6.910052911360783,2003,2003,66109.37437263539,0.7100962524485275,condition
2004-06-01,1440,190.2145833333333,370.70466213385794,318.2934392620135,2.613862655996481,8.184739748626743,3.798118192575664,6.120775462976739,2269,2269,101310.71347724112,0.7223561399306412,condition
2004-06-02,1440,191.83819444444444,377.5461110542952,325.28857055595046,2.6887253873812207,9.071721498310165,3.8731993096684767,6.60051825998447,2492,2492,105812.65413433354,0.750649284063521,condition
2004-06-03,1440,181.1520833333333,371.7040984513832,324.6861077794288,2.5009864535659063,6.733358735173627,4.210251443501059,5.388694954790716,2003,2003,105421.06858495485,0.7355822559996419,condition
2004-06-04,1440,182.87222222222223,342.23431300791566,289.37903910927776,2.358336802800534,6.712558670672586,3.5022860659509365,6.226728060288658,2131,2131,83740.2282758089,0.6921079014778162,condition
2004-06-05,1440,128.27013888888888,283.2432565148041,252.62191466550345,2.899128192074896,9.864034870871688,4.8760486254735165,7.0716599739959225,2003,2003,63817.8317692649,0.7184635513916128,condition
2004-06-06,1440,162.29583333333332,333.64858842134424,291.61704158062565,2.7350980221305985,9.11372342497958,4.22633426833992,7.238154404988057,2415,2415,85040.49894023634,0.7044140003309171,condition
2004-06-07,1440,224.50833333333333,436.68329643906566,374.6809306483612,2.6563646681082598,8.278250829492332,3.783277768698437,6.460059322176615,2821,2821,140385.79979152203,0.7552476208455693,condition
2004-06-08,1440,202.05625,384.6699026799183,327.44261064919914,2.312984993885276,5.780699506784493,3.624364250624138,5.539814748057358,2131,2131,107218.663268763,0.7336081737605314,condition
2004-06-09,1440,168.65625,348.44551323620806,305.0146749608165,2.8023846435208224,9.346975878926765,4.268397667350969,6.310886254716438,2199,2199,93033.95194145254,0.731268217116372,condition
2004-09-01,1440,426.4645833333333,628.9173496087453,462.3996900733729,1.132623809614174,0.9426396684656404,2.1748094474395754,3.731809913433121,2347,2347,213813.4733799513,0.7946081761750027,condition
2004-09-02,1440,362.5673611111111,586.964205443758,461.7574650651717,1.616264419796127,2.83424781001989,2.620872078458087,4.669790720760805,2741,2741,213219.95654341328,0.8017157981535573,condition
2004-09-03,1440,335.22083333333336,520.1800542974412,397.8997727689251,1.6649736741770924,3.1293239827528856,2.4079384887014976,4.652235278933309,2420,2420,158324.22916956223,0.7544917165962055,condition
2004-09-04,1440,328.8493055555556,534.4489003481374,421.4464456272368,1.666319685135788,2.911074931304153,2.641304781126128,4.5280287758542,2420,2420,177617.10653183144,0.7176938243887261,condition
2004-09-05,1440,312.7868055555556,515.0290896584818,409.3112772890424,1.6371137057694491,3.096351447035828,2.71123192257906,5.00165922998283,2576,2576,167535.72171598737,0.8019809947260266,condition
2004-09-06,1440,262.44444444444446,449.007753273816,364.4490559105674,1.974281224379009,4.44093773702395,2.9270686810320905,4.761610427462252,2138,2138,132823.11435410386,0.731864442004837,condition
2004-09-07,1440,376.7006944444444,614.2956428345847,485.40637424529217,1.6864480203382457,3.572217817196541,2.659267513792592,5.2092181302703535,3200,3200,235619.34815796063,0.7841952290010147,condition
2004-09-08,1440,311.22777777777776,594.4305071055638,506.6193209960069,2.9926884358751287,13.79332663987678,3.6479214349654367,8.302063808988866,4935,4935,256663.1364064551,0.736550884541686,condition
2004-09-09,1440,294.99652777777777,501.48284492094047,405.6801467940922,1.8052962358953475,3.6624247436754342,2.8898703123882843,4.825688504621762,2420,2420,164576.38150287615,0.7350899910569978,condition
2004-09-10,1440,252.24652777777777,420.5401379641293,336.6071604414941,2.174781717104856,6.496592123743004,2.779486135686457,5.937602084995239,2497,2497,113304.38046048576,0.7017643607431943,condition
2004-09-11,1440,228.71180555555557,366.0756913611658,285.93548040970165,2.755086276146966,11.643249312836629,2.561914416869421,7.725178335345762,2828,2828,81759.09895712689,0.691251459100966,condition
2004-09-12,1440,271.3666666666667,459.794066222405,371.3037249343242,1.7989026770865464,3.060678171821105,2.8708713053546586,4.232329520883179,1946,1946,137866.45615010432,0.7540711238713107,condition
2004-09-13,1440,321.9243055555556,514.4948959092468,401.47437169176703,1.6417519227322528,3.357713700849412,2.554198269285905,5.1642883556782175,2657,2657,161181.67112529912,0.7582218770814039,condition
2004-09-14,1440,64.13958333333333,225.5444939474249,216.30747769966447,5.050140599001575,30.59143439232683,12.365514477801776,10.40592904275062,2347,2347,46788.92490879085,0.8260229845558416,condition
2004-09-29,1440,132.40833333333333,319.8078133817246,291.2111989681158,2.7809354388903444,8.183155209980558,5.833745810693159,6.663376912109477,2131,2131,84803.96240444752,0.8156641802937546,condition
2004-09-30,1440,138.04583333333332,305.70093183080456,272.8518053748533,2.7071689420255214,7.856057582574828,4.903960004539135,5.966615767496332,1824,1824,74448.10769631682,0.7486127475548084,condition
2004-10-01,1440,184.74375,364.5880809214695,314.4246656307655,2.338823812043292,5.916392775925046,3.8946229935956937,6.031464315679738,2199,2199,98862.87035701868,0.7515952673152155,condition
2004-10-02,1440,204.06597222222223,375.4490949738282,315.2588165720891,2.239230281480048,5.767607906403222,3.385017656478726,5.502743321685238,2066,2066,99388.1214264341,0.7163185974305233,condition
2004-10-03,1440,49.852777777777774,148.49964927006843,139.93013939701146,4.699351927243984,27.50865311752926,8.873033715982677,9.548844101450763,1418,1418,19580.443911667066,0.6982820941301744,condition
2004-10-04,1440,71.42430555555555,229.5646135743825,218.24655289876367,4.454550341484271,22.744603758285663,10.330416587913165,8.198127623838692,1882,1882,47631.55785219288,0.7452558516141087,condition
2004-10-05,1440,113.32708333333332,287.3444663833134,264.14440654274307,2.904598033795957,9.294700988335435,6.4289234235595325,7.416185969481232,2131,2131,69772.26750781793,0.8042680803276092,condition
2004-10-06,1440,131.3451388888889,305.0682380404606,275.4410468738615,2.6163032211297943,6.7667640912796765,5.394683613045493,5.611859205653985,1712,1712,75867.77030296878,0.78902321375617,condition
2004-10-07,1440,147.12708333333333,313.9783973902946,277.4698547991698,2.872712858579668,9.349230371328945,4.554222931279414,6.580070530877428,2066,2066,76989.52032227238,0.8026526116876039,condition
2004-10-08,1440,270.13194444444446,508.2456577395532,430.6636513948789,2.1629415098289164,5.470094004429677,3.539936440490832,5.906592519356757,3002,3002,185471.1806327698,0.7736191073908635,condition
2004-10-09,1440,209.6861111111111,377.5343932088248,314.0580322455461,2.228975537189382,6.51099322195751,3.241706658887413,6.200759565513618,2341,2341,98632.44761794448,0.7285508816381081,condition
2004-10-10,1440,86.29652777777778,223.2509378479741,205.9692967508934,3.559749586445318,14.63705560123428,6.692678149668893,6.759210127160025,1509,1509,42423.35120405759,0.806905331980428,condition
2004-10-11,1440,95.95694444444445,250.90580625228884,231.91234974500597,3.360489852408466,12.875617371444552,6.837047583559087,7.269660384686139,1824,1824,53783.33796424996,0.8212148140367996,condition
2004-10-12,1440,37.64930555555556,132.60845927851744,127.1957881351534,4.783598766091956,25.23216198665696,12.405906919846975,8.310178747235652,1102,1102,16178.76851932283,0.7078461843398137,condition
2004-10-13,1440,80.84097222222222,343.0839658726255,333.5395041398362,5.774080146819326,37.932571532943015,18.01099839810372,10.21907273073102,3506,3506,111248.6008218478,0.909793620381432,condition
2005-03-09,1440,116.79444444444444,260.98850017236816,233.4778586130012,3.201680136722892,11.977490037511512,4.993423178432591,6.793402769965089,1773,1773,54511.91046251258,0.6161723829348501,condition
2005-03-10,1440,257.5611111111112,464.0853564330118,386.1878587953082,2.569504943890246,9.015811825996728,3.2466475892743563,6.686270008280042,3103,3103,149141.0622809049,0.7456948288422605,condition
2005-03-11,1440,195.87152777777777,355.4857230685299,296.758488637854,2.262607809144093,5.859388253315381,3.293833977493214,5.474200154094103,1946,1946,88065.60057862327,0.747149706060753,condition
2005-03-12,1440,168.5951388888889,315.9856767587206,267.34296432483575,2.2168691579598967,5.955967673672128,3.51272941292474,5.968624968530159,1886,1886,71472.2605739904,0.7191042382799788,condition
2005-03-13,1440,174.36180555555555,346.5324109020043,299.5746909912311,3.7762963002168406,24.34736663328087,3.949890034383477,10.452124782706871,3622,3622,89744.99548249159,0.7638177776233881,condition
2005-03-14,1440,236.84444444444443,375.600844573657,291.615772838884,1.5292825962206809,2.684221837633067,2.514934716819257,4.720436669977473,1773,1773,85039.75896841957,0.7331203486734668,condition
2005-03-15,1440,137.08402777777778,260.5587439096562,221.6595327503329,2.2631190758995827,5.565110210903183,3.612747350914809,5.461340420390568,1423,1423,49132.9484590959,0.6279304719917872,condition
2005-03-16,1440,129.8125,274.0031908776084,241.385431619914,2.887626266460859,9.724712151597624,4.455312928062665,5.890442351530646,1614,1614,58266.92659833217,0.7244290315748908,condition
2005-03-17,1440,171.89027777777778,311.436949656124,259.7952589172183,2.022658722738005,4.63950728574589,3.282748770240452,5.346186449098044,1665,1665,67493.57655586448,0.7176939736579842,condition
2005-03-18,1440,178.2277777777778,307.8024596501247,251.0397935847852,2.06555176962437,5.551555623131038,2.9825888337116218,6.322236678069416,1946,1946,63020.977963091565,0.705840329433083,condition
2005-03-19,1440,155.36458333333334,331.1713627833448,292.5675294234352,3.442079401086823,16.653305271737157,4.543614753802668,7.778450341689845,2576,2576,85595.7592729326,0.7464955532417082,condition
2005-03-20,1440,134.79930555555555,276.6315301483586,241.64995876421625,2.8253073385350995,11.857327193567915,4.211415083599063,8.484210020243514,2347,2347,58394.7025707474,0.7808357314726944,condition
2005-03-21,1440,57.69583333333333,185.47978326491543,176.33926090765087,4.326922928998424,21.871750677333942,10.334851923946424,8.701756987147059,1614,1614,31095.534937456567,0.7629672885706553,condition
2005-03-22,1440,15.933333333333334,84.71178259906416,83.22875365118355,6.913985512448421,57.417567909728746,28.26665105652912,12.666478818872756,1073,1073,6927.0254343294,0.6941210986235116,condition
2005-08-12,1440,293.55625,461.422707052149,356.1231734854724,1.4979186485350402,1.999449024575406,2.4706729651593884,4.564144693819727,2106,2106,126823.71469336384,0.7162307350195404,condition
2005-08-13,1440,257.50208333333336,402.3857058221626,309.31112681485166,1.4784611395814782,2.29192101328416,2.4418759364315044,4.769056087812713,1919,1919,95673.37317147326,0.6710965421661873,condition
2005-08-14,1440,136.5715277777778,266.5882345595086,229.02823176834465,2.643437881170229,8.709104646098943,3.8103215041427023,6.350617846272896,1693,1693,52453.9309469346,0.6836247241370482,condition
2005-08-15,1440,314.24583333333334,509.8792218097668,401.6695378464408,1.577922966614579,2.571639917501942,2.6326648358744955,4.8246719904931,2460,2460,161338.41763377335,0.7538050123891246,condition
2005-08-16,1440,227.2645833333333,419.7753921576527,353.0562995555207,2.206013686979524,5.592717578212583,3.4116968146687827,6.432011143201973,2700,2700,124648.75065583756,0.7065874980704822,condition
2005-08-17,1440,257.7347222222222,456.0781320124875,376.4019969165386,2.04562250865662,5.51932536758451,3.1313573820005867,6.104217248293267,2784,2784,141678.46328275796,0.7319673827020465,condition
2005-08-18,1440,290.22222222222223,459.6990546361101,356.6267009274226,1.6979254330808016,3.939087716825565,2.5089146933314024,6.245390263577189,2871,2871,127182.60381437732,0.6829150205988413,condition
2005-08-19,1440,331.83819444444447,540.7417365937685,427.09684288593263,2.7594627915784877,16.94844970673364,2.6553821988569024,8.985805369135614,4859,4859,182411.71320313105,0.6502096032898904,condition
2005-08-20,1440,180.70694444444445,342.78660757581144,291.3874079202449,2.423112590283485,7.30721566625614,3.598305287378141,5.9570588665672615,2042,2042,84906.62149447923,0.662166662288815,condition
2005-08-21,1440,237.08055555555555,421.8031119820926,348.99176995136185,2.3585084996834182,7.185649715958541,3.1653933569626487,5.832104908947276,2460,2460,121795.25549378424,0.6857936678888342,condition
2005-08-22,1440,236.8,414.1146328816053,339.84834168197574,1.930519145203225,4.339368823671579,3.0582836105610465,5.244924539097298,2172,2172,115496.89534398894,0.7187482607511482,condition
2005-08-23,1440,336.5763888888889,545.5815780736492,429.5389625626896,1.7502301744450508,4.341245546563014,2.627556734402184,6.536144443496254,3566,3566,184503.7203594317,0.7120967396526222,condition
2005-08-24,1440,253.2645833333333,434.309404719467,352.94222694659544,2.053934350079314,5.148670426890509,2.9406920240742136,5.323393817578939,2312,2312,124568.21556202207,0.6916443980661047,condition
2005-08-25,1440,291.93055555555554,501.8489646630083,408.34388573488445,1.7029664777110434,2.6264017267525954,2.95520054045651,5.057298467685925,2538,2538,166744.72901706435,0.7746907611861925,condition
2005-08-26,1440,108.02638888888887,288.0343126743371,267.10224400807687,3.4284909266341392,14.594500564691671,7.109331030534492,8.026821452394243,2312,2312,71343.60875415023,0.7349399922201728,condition
2005-08-27,1440,0.2652777777777778,3.5517992310627267,3.543109266214378,18.463128081330208,402.90198924401903,179.26482278446312,26.18391242012113,93,93,12.553623272334187,0.1000627814248538,condition
2005-08-28,1440,0.2013888888888889,2.6378652985574025,2.6310802340880124,13.867985835848335,201.33566261426392,171.5671819262782,17.43834305154115,46,46,6.92258319820863,0.2402793784025888,condition
2005-08-19,1440,143.5263888888889,344.8405045975764,313.6613957097653,3.8963656198632566,19.28586041171217,5.77262076783371,8.49378179462444,2929,2929,98383.47115859795,0.7781125837513909,condition
2005-08-20,1440,61.40694444444444,173.887483576146,162.74039476401325,4.475699373850664,27.437428454858544,8.018657605048599,10.558551784412986,1836,1836,26484.43608794687,0.75681347671766,condition
2005-08-21,1440,55.74166666666667,144.9097324390448,133.80631740239116,3.1665531241107594,11.194948603024724,6.758264880671875,6.749029092379205,978,978,17904.13057678945,0.749593437308218,condition
2005-08-22,1440,69.55763888888889,188.60803159816217,175.37412251071078,4.551289975849566,31.06521140239128,7.352426674379093,12.109770621360196,2284,2284,30756.08284640179,0.7200255856252586,condition
2005-08-23,1440,69.47361111111111,169.94231047296282,155.1467753073557,3.4149662970499826,15.597902754945416,5.9836101519635205,9.238429180058612,1570,1570,24070.52188827112,0.6902247251799645,condition
2005-08-24,1440,87.11458333333333,222.63981718112427,204.9602651261381,4.091676351732728,23.031668237127377,6.531665656487942,8.50701381262442,1894,1894,42008.71028057682,0.7761048018304354,condition
2005-08-25,1440,54.87152777777778,152.22715345824477,142.04306727969163,3.6814329665257706,16.623112187193577,7.696444610570887,8.809203677107648,1341,1341,20176.232962223,0.7335239828829762,condition
2005-08-26,1440,102.2375,243.36413332471344,220.9241704120951,3.0909141436062666,11.544633276460136,5.666210484547045,6.8703632583734136,1672,1672,48807.48907227242,0.7325566875452986,condition
2005-08-27,1440,85.91944444444445,210.20325481146415,191.90839736225328,3.067735252024125,10.448172939522705,5.985438218551095,6.379539656523263,1341,1341,36828.8329781485,0.7917938848523236,condition
2005-08-28,1440,57.703472222222224,158.74175175422502,147.93393991448778,3.954612192337527,20.313057666016583,7.567953293920802,8.995742986450903,1428,1428,21884.45057862328,0.7286034517926107,condition
2005-08-29,1440,50.85347222222222,141.22220227948105,131.79414656668828,3.4341143579479967,12.644549314532316,7.711959438034129,6.925256682122277,978,978,17369.697069241713,0.7342583605504278,condition
2005-08-30,1440,76.01180555555555,191.06823788316512,175.35857991328706,3.1548383259301698,11.606269205411792,6.318513231681723,7.473769663763775,1428,1428,30750.631549204685,0.7365794753365851,condition
2005-08-31,1440,54.92083333333333,151.03086972904285,140.74011894485366,3.552664680935646,15.360001622287957,7.562357601940075,9.455020702469008,1428,1428,19807.78108061156,0.7029212094166121,condition
2005-09-01,1440,65.53194444444445,174.07305698087416,161.32286380660832,3.6851218958065712,16.937326332111848,7.055974517348106,8.737710627826315,1521,1521,26025.06638676549,0.675743962765254,condition
2005-08-31,1440,175.63958333333332,329.823998730973,279.2646876540253,3.314092624494096,17.24314341609476,3.526303669409298,8.980547235484854,2962,2962,77988.7657705003,0.758336762709895,condition
2005-09-01,1440,131.64791666666667,278.4782344876047,245.48075464089217,3.9600174081265855,24.71665659122877,4.474603235208077,9.997190642645783,2784,2784,60260.80089906191,0.7139677429179648,condition
2005-09-02,1440,242.24305555555557,461.8146799432768,393.3173403005095,5.251163151441326,60.35587991267014,3.634400605427399,14.77865537067443,6825,6825,154698.5301810668,0.6975772989054955,condition
2005-09-03,1440,88.24444444444444,198.46120177785664,177.82498746763193,3.795480372639248,24.91618070123491,5.057972772856293,11.649632166330871,2312,2312,31621.726167863457,0.6817923649335376,condition
2005-09-04,1440,78.90416666666667,177.47995974506844,159.03091420003705,2.83969966421428,9.733645844954369,5.059397107836675,7.195178553309782,1277,1277,25290.83167129954,0.6391394876758864,condition
2005-09-05,1440,37.477777777777774,113.38836899004332,107.05277639837117,5.052590562621057,35.566597379887,9.153545679230676,10.247964675301358,1162,1162,11460.296934599652,0.5697376785532902,condition
2005-09-06,1440,52.27291666666667,183.6001713416049,176.06274890587528,5.592260748048735,37.44725492503716,12.336520882011875,9.814805655312895,1802,1802,30998.09155229329,0.8122560256438712,condition
2005-09-07,1440,70.61180555555555,185.71814628923883,171.83045929144703,3.738320402022281,18.81231438032648,6.9175777189554495,10.01517642278866,1860,1860,29525.706740309637,0.614364572868886,condition
2005-09-08,1440,42.69583333333333,132.5152140112389,125.49216736034866,5.751251394971603,44.37859610913246,9.632976384065032,10.934593516764854,1449,1449,15748.284068797757,0.5666132297001572,condition
2005-09-09,1440,170.36388888888888,292.87339414839306,238.30738164414691,2.5955235698562262,10.0801030170413,2.9553216163655778,7.19082047764616,2106,2106,56790.4081460891,0.6986934713301405,condition
2005-09-10,1440,96.51527777777778,207.1727975762155,183.38135807802627,2.750621885463956,9.545753930861952,4.607584741016852,7.679579648552543,1591,1591,33628.72249054129,0.6801131066273677,condition
2005-09-11,1440,142.76111111111112,309.9446567982384,275.20456201450287,4.100853443117403,23.84757479299458,4.713553804864155,8.982248730334696,2784,2784,75737.55095359436,0.735476142603262,condition
2005-09-12,1440,151.9375,288.2594389897175,245.05142682595653,2.879999355867304,12.695871300272495,3.5994580942726224,8.020552624757142,2312,2312,60050.20178943713,0.7307075719244069,condition
2005-09-13,1440,61.48125,244.06670166393263,236.2781830243327,5.155358217430665,30.14468459997336,15.759109992258216,9.472820275104572,2312,2312,55827.37977328006,0.790604997567128,condition
2005-09-23,1440,351.0576388888889,603.3398658716329,490.86133555289626,1.5203638243724102,1.8474302930132425,2.953705486390808,4.56127658003212,2752,2752,240944.85074077305,0.8425919666858548,condition
2005-09-24,1440,320.67847222222224,680.8223912829412,600.778740716728,4.954018813323731,36.44858205228936,4.507420230148244,10.228805763683892,6964,6964,360935.0952971775,0.6341527629576627,condition
2005-09-25,1440,251.46527777777777,447.49725325041567,370.28937866199743,1.9628349538568943,4.649398184887264,3.166829597480377,5.264836784778213,2356,2356,137114.22394988814,0.766899111703992,condition
2005-09-26,1440,246.62152777777777,419.9932481269458,340.0771452485279,1.832517054681888,4.135387095313351,2.9001646172262547,6.759632476619941,2839,2839,115652.46472038837,0.7583137254750341,condition
2005-09-27,1440,272.0513888888889,451.2266891485919,360.1161269319348,1.6863776721878574,2.798943042113806,2.7509814624790803,4.330417608246871,1954,1954,129683.62487645734,0.7895715690901162,condition
2005-09-28,1440,225.79305555555555,417.8633764627966,351.72888622168773,1.7270533712910792,2.7458314785333053,3.4248965410617385,5.999568617909745,2507,2507,123713.20940274897,0.8045710634510901,condition
2005-09-29,1440,252.7875,449.17058130637975,371.4141738226084,1.7248291094548198,2.7867060886967465,3.1572677867097374,4.929085056195674,2214,2214,137948.48851633075,0.7974367812971134,condition
2005-09-30,1440,190.7868055555556,369.4335538286208,316.46657784322787,3.1293113246693243,17.28073025421602,3.749522832505391,9.252002057142867,3418,3418,100151.0948918038,0.6852171908765164,condition
2005-10-01,1440,211.27569444444444,385.1652774747773,322.1598146532539,2.426037608478089,8.227563307001027,3.323496162779953,6.92689646764619,2668,2668,103786.9461774189,0.7537637575822049,condition
2005-10-02,1440,250.95763888888888,460.25311650221335,385.94900808556594,2.033731733296941,4.36977724298519,3.3635093280181736,5.979318556090138,2752,2752,148956.63684223226,0.8076834260445548,condition
2005-10-03,1440,133.88055555555556,331.1996880030737,303.0396064812089,3.273052660539165,11.920567570282373,6.119907053098514,7.33696343330326,2430,2430,91833.00309628596,0.822502160844718,condition
2005-10-04,1440,271.8923611111111,464.2825745467708,376.47214703808265,1.670401596684574,2.477972703180794,2.915887443949281,4.208643845631037,1954,1954,141731.27749546373,0.7696122759397225,condition
2005-10-05,1440,214.32430555555555,408.92135976520257,348.3763087542763,2.1256008013655943,5.276185441600632,3.640296365618617,6.729900344604555,2752,2752,121366.05250125485,0.797729118273606,condition
2005-10-06,1440,228.6923611111111,436.0178967083805,371.3585586650669,2.054292090769457,4.7169682149755685,3.635007527292254,5.749763986584117,2507,2507,137907.17909379592,0.8268119913027225,condition
2005-10-07,1440,277.7763888888889,493.0609833817044,407.5104094879246,1.658713770698442,2.416397270248842,3.150725875179984,4.49031676531182,2214,2214,166064.73384101602,0.7908607720388108,condition
2005-10-08,1440,205.29652777777775,395.2806202560404,337.90441796370123,1.893818011149596,3.068972084144644,3.707215536027817,4.503129950684192,1780,1780,114179.39567938772,0.8033695222213905,condition
2005-10-09,1440,1.2125,23.8743819000851,23.85185594385989,25.30402797814261,704.4583228115822,387.704443735903,30.744251435358983,734,734,568.9110319666444,0.2605099944560803,condition
2005-10-10,1440,0.0444444444444444,1.5325178991160628,1.5324054760813413,37.65493028642455,1424.7083719304435,1188.984375,37.84621375936534,58,58,2.348266543124082,-0.0008423473687544,condition
2005-10-11,1440,0.0,0.0,0.0,0.0,0.0,,,0,0,0.0,,condition
2005-10-12,1440,0.0,0.0,0.0,0.0,0.0,,,0,0,0.0,,condition
2005-10-13,1440,0.0340277777777777,0.6826215805424132,0.6820097833657488,31.01982286205986,1066.229076228175,402.4323198667223,35.15857201720685,24,24,0.4651373446065955,0.176790549519916,condition
2005-10-14,1440,0.0131944444444444,0.2312406154251934,0.2309440780114494,18.528551796463837,358.9820449817623,307.1468144044321,21.622499104693414,5,5,0.0533351671685584,0.1921732674163818,condition
2005-10-15,1440,0.1875,1.4610688629295412,1.449491296066719,26.96540261688705,895.2441200452624,60.72098765432099,33.53709140153169,49,49,2.1010250173731766,0.1231551335843037,condition
2005-10-16,1440,0.3576388888888889,1.1693421702440698,1.113695141151009,5.5124833181888375,60.22107624799946,10.690394947685926,15.393270214690853,18,18,1.240316867423366,0.5607075243578497,condition
2005-10-17,1440,0.4729166666666666,1.1911129249571597,1.0935859973339892,1.8809893771177288,1.5402583562567864,6.343612334801763,2.5186528809666813,3,3,1.195930333564976,0.6129527049621261,condition
2005-10-18,1440,0.9673611111111112,10.646432631533331,10.606076443277916,28.98395717022565,887.5517363727947,121.12421403499911,32.780933489994375,349,349,112.48885752065478,0.0187396150443472,condition
2005-10-19,1440,99.43680555555557,352.4009051019402,338.1983868791131,4.944668442691703,27.860881994488366,12.559712620105548,8.311556405204799,2929,2929,114378.14888763426,0.7925724891066162,condition
2005-10-20,1440,34.510416666666664,187.0713192133477,183.92444486869357,7.4021180299093245,58.25445109100591,29.38420952172879,10.776638602205129,2016,2016,33828.20142025709,0.768041823457242,condition
2005-11-09,1440,84.48819444444445,174.2505838504486,152.4504859280485,3.094804751495348,14.086866847172296,4.253597828905091,8.941146511951782,1558,1558,23241.15065969811,0.6972928974448154,condition
2005-11-10,1440,66.44375,138.07990591199962,121.0845575581294,3.1848703221569883,13.389277563425551,4.318696591308601,7.256667748880054,1002,1002,14661.470079047953,0.6099466034094541,condition
2005-11-11,1440,73.25,173.57854050032284,157.42031748977757,4.329275939608807,28.113023876674948,5.615349690218355,10.84235409846933,1882,1882,24781.156358582368,0.6376379971046754,condition
2005-11-12,1440,75.10625,159.9366693239685,141.2538332546705,3.0787148178589154,11.928562389314674,4.53465173164525,7.340405455248915,1174,1174,19952.64540913826,0.6190342351988491,condition
2005-11-13,1440,85.56597222222223,165.33726263812,141.5230853673576,2.9098178488783426,11.128306061763958,3.733699035479909,7.560304193108138,1250,1250,20028.783691896384,0.5662532538939272,condition
2005-11-14,1440,95.87638888888888,199.21409825723796,174.68590694624024,3.209519039679375,14.991104159603289,4.317345483522891,9.155978497288556,1824,1824,30515.166085630502,0.7032574772112874,condition
2005-11-15,1440,82.5513888888889,163.00935129958376,140.60955407498534,2.63423755169577,8.650778229561794,3.899206801055212,6.760348355565869,1102,1102,19771.046697166228,0.6384693374044511,condition
2005-11-16,1440,100.21180555555556,203.5150775877688,177.194200949433,3.1607575648481165,15.163796152778636,4.124348977539031,9.247472090554863,1882,1882,31397.784850108044,0.5882608971492976,condition
2005-11-17,1440,84.18680555555555,171.28715128241362,149.22242924829135,3.1828844663195044,14.346551889873124,4.139629868561855,8.027455589666134,1375,1375,22267.33339076132,0.6184450092893911,condition
2005-11-18,1440,103.76805555555556,217.06584382522172,190.72239417649385,2.8509751623639232,9.755006178960151,4.375781461900727,7.177545635666562,1558,1558,36375.03164041389,0.6502291140261641,condition
2005-11-19,1440,88.8125,175.00363488288528,150.8456619932508,2.702174125923989,8.788985231934124,3.8828082873163177,6.2970120634206985,1102,1102,22754.413742182067,0.5849903126121846,condition
2005-11-20,1440,89.56666666666666,175.03384593335718,150.4339555506895,2.7223746534458937,10.130432772605854,3.819013973605704,6.924375074643906,1212,1212,22630.374982626825,0.6116055729001065,condition
2005-11-21,1440,104.25347222222224,201.1405102437376,172.07347381567268,3.0952934129946152,15.50478025592836,3.722357134472314,8.784903637058436,1767,1767,29609.280390992997,0.7016558373826186,condition
2005-11-22,1440,79.13819444444445,354.90566136964094,346.0900953001117,6.598698856205238,46.26189806071438,20.11192215144125,9.002392319327775,3195,3195,119778.35406484042,0.9441108986936504,condition
2005-11-09,1440,58.06805555555555,120.9434211154584,106.12838322143124,2.6911465417138487,8.243723219617376,4.338003831493598,5.978001889906764,723,723,11263.233725194968,0.4170024175927291,condition
2005-11-10,1440,67.37222222222222,146.15852789959874,129.7497202919398,3.667666356764261,18.804610359742924,4.706375509149482,8.442887443746537,1234,1234,16834.98991583662,0.5764932191819603,condition
2005-11-11,1440,72.81736111111111,156.16262668200167,138.1942840968258,3.600881914989137,17.916886856467965,4.599221632302484,8.67685200223498,1355,1355,19097.660157034206,0.4447706360512173,condition
2005-11-12,1440,77.76666666666667,152.23333698270196,130.91690758701603,2.80409961845364,10.062416351940476,3.832062347771561,7.153492274321895,1089,1089,17139.236692147297,0.446846160409851,condition
2005-11-13,1440,86.17708333333333,176.2535716738182,153.80266284821224,3.4659642055587443,16.206338955614147,4.183042435500886,7.687787470812882,1355,1355,23655.259099200848,0.6318636919872639,condition
2005-11-14,1440,65.5375,130.9898108844942,113.4553022627668,2.8143763422825065,9.80616922666814,3.994802277647204,6.878397593798305,901,901,12872.105611535775,0.4954406818821721,condition
2005-11-15,1440,67.66597222222222,149.4977912322899,133.35387234490312,3.350424978898048,14.096545939491673,4.8812258228135255,7.511816667947159,1123,1123,17783.25526938072,0.568915492121596,condition
2005-11-16,1440,67.57986111111111,139.85198276511252,122.48247826348528,3.0420169158957244,13.053101467027693,4.282552209399576,8.551898774354411,1196,1196,15001.957481565149,0.4720790911759315,condition
2005-11-17,1440,72.03958333333334,156.38022795239954,138.84690111198623,3.31017889324904,14.022504175235667,4.71217378870084,7.411422883670352,1159,1159,19278.46194840168,0.592567175892886,condition
2005-11-18,1440,81.67013888888889,168.17667421494576,147.06597800784027,2.648809258482614,7.804663329143724,4.240381502306891,5.886666534591391,990,990,21628.40188740256,0.6229225354620517,condition
2005-11-19,1440,74.49930555555555,141.003272716156,119.75698696629352,2.6465343395934013,9.272915775648226,3.5822338771476803,6.595591592204523,930,930,14341.735927244996,0.5642125271985217,condition
2005-11-20,1440,65.32916666666667,150.71962564827302,135.87246190234853,3.2911269392781333,13.044536624585284,5.322618960882162,7.935263870619254,1196,1196,18461.32590340515,0.6351590509782411,condition
2005-11-21,1440,86.87847222222223,190.77522222937304,169.90398247551929,3.072629893530756,10.781465262095184,4.821915394513714,6.672774300162762,1273,1273,28867.36326104157,0.7137156119275856,condition
2005-11-22,1440,56.73611111111112,157.6738898979649,147.1635447742029,3.721937388011768,15.323797837466838,7.723256083620853,6.278782115673407,990,990,21657.108910508825,0.7276673929256366,condition
2002-08-30,1440,152.13125,314.4600630445781,275.3068263602433,2.550664491400549,7.067563491797029,4.2726186013363625,5.488773306501948,1726,1726,75793.84864054919,0.676119082948548,condition
2002-08-31,1440,69.82708333333333,221.3385274867437,210.1084930104649,7.042435217775109,78.27293119167486,10.04769003098444,15.98004667403345,3537,3537,44145.5788351286,0.4714734602937263,condition
2002-09-01,1440,81.05694444444444,238.12305992210557,223.9803602072097,6.058009972760188,61.15624297607077,8.63023164072396,14.853664324475831,3537,3537,50167.20175855143,0.6306812249121577,condition
2002-09-02,1440,219.0618055555556,402.8071697130306,338.1492976963376,2.42768776675814,7.200271872440275,3.381123688428697,5.680137227026087,2288,2288,114344.94753252632,0.7278189995915,condition
2002-09-03,1440,199.3,358.1054449770657,297.62482084317486,2.221503213351631,6.411600758717486,3.2285480295490365,6.593030162250693,2361,2361,88580.53398193193,0.6638635642975663,condition
2002-09-04,1440,318.6111111111111,501.3034648682262,387.1643299188554,1.331810730781784,1.4517266383375746,2.475594894835776,4.709722085445027,2361,2361,149896.2183615163,0.8061294609326324,condition
2002-09-05,1440,172.0388888888889,325.7168696378293,276.67175080659484,2.403343261323524,6.971591444465484,3.584488955144384,6.809595101617659,2218,2218,76547.25769438651,0.6743303301885897,condition
2002-09-06,1440,147.39513888888888,302.6985929839193,264.4800321350817,2.6645829579841207,8.866682412448547,4.2174940947534925,7.558674050795964,2288,2288,69949.68739817385,0.7294365489086654,condition
2002-09-07,1440,94.94444444444444,330.1983831308418,316.3637603741599,12.928891019196348,281.19826764547906,12.095136374016882,24.22785939817877,8000,8000,100086.02887807888,0.4081877552077196,condition
2002-09-08,1440,80.88541666666667,214.8125749603852,199.07162586961627,4.969573533631156,38.63316213795712,7.05308224324563,11.698570255784311,2513,2513,39629.51222637248,0.6178023079239163,condition
2002-09-09,1440,236.75277777777777,405.1737230291882,328.9209620826127,2.557356854451616,11.021794389352582,2.928817950784501,7.7102729580885265,3124,3124,108188.99929735152,0.6616745630411274,condition
2002-09-10,1440,189.1159722222222,326.814716663399,266.6315393666258,1.7389466314380733,2.7339268448600205,2.9863918398100515,4.959996956531,1621,1621,71092.37778501652,0.7347047713284847,condition
2002-09-11,1440,194.6486111111111,333.72865516430824,271.17854153292365,2.063909626512891,5.377943205230786,2.9395738703186693,6.6461179334689975,2218,2218,73537.80138792361,0.7158956073591517,condition
2002-09-12,1440,92.52986111111112,235.8246980162265,216.9889636951896,3.3547013508004824,13.1076391751564,6.495532399911912,6.6617280260098255,1571,1571,47084.21036551232,0.7047474706122688,condition
2002-05-25,1440,72.23819444444445,166.00178839398086,149.51174020179567,3.1318894322666537,13.186884293451506,5.280703321174135,8.349307639448634,1386,1386,22353.760458169243,0.7363370857659528,condition
2002-05-26,1440,61.30625,165.70993105423705,154.00582992978786,4.324680259426572,26.82932212904037,7.306132927476323,11.453749258870806,1898,1898,23717.795652362747,0.7127218599938884,condition
2002-05-27,1440,72.11527777777778,168.69524626115316,152.55698957674983,2.987706178220092,10.530842517493554,5.472063491336606,6.79924316435305,1147,1147,23273.63506872056,0.7531043227741278,condition
2002-05-28,1440,91.18611111111112,201.96518883213517,180.27090285764544,3.3828582715677515,18.47799230253042,4.905639737030045,10.318609915157865,2084,2084,32497.598417110643,0.6350148702533631,condition
2002-05-29,1440,32.31597222222222,112.28445709694444,107.57096735558886,6.003100775217747,55.10862375947723,12.072711839006606,14.899657915748405,1673,1673,11571.513017817164,0.643476944579554,condition
2002-05-30,1440,69.74930555555555,187.5991978335136,174.21127831521304,4.646245325559891,30.67985562707964,7.234061191190664,10.76763666011336,2020,2020,30349.56949222062,0.7126708938179721,condition
2002-05-31,1440,80.16041666666666,199.07688178467916,182.2882007897132,3.078053864948588,9.964629443809413,6.167678499524866,6.535163642994756,1301,1301,33228.988147150805,0.7792319702418292,condition
2002-06-01,1440,89.59444444444445,207.71756666204237,187.46687296992675,2.927840272779751,9.390901202771904,5.375072060964719,6.884347929641493,1430,1430,35143.82846112264,0.7341918511540623,condition
2002-06-02,1440,75.17708333333333,207.0710274680325,193.0095502282877,3.573049764291369,15.123444607896634,7.58695891639928,9.165937037198562,1898,1898,37252.68647932592,0.8180260215241815,condition
2002-06-03,1440,57.80625,155.8945267551822,144.8313076465183,4.02273683590586,21.70677913585348,7.272975797436559,10.398055876237589,1621,1621,20976.10767460043,0.7249434233186826,condition
2002-06-04,1440,50.07986111111112,138.8439196644123,129.54263860251956,3.875203553534727,18.27370844403309,7.686479968753828,8.52035870824828,1183,1183,16781.295216102993,0.6688429303434198,condition
2002-06-05,1440,71.57638888888889,172.42027143001485,156.9161229120778,4.244578921520495,28.99202591472662,5.802793033346526,11.355973307319315,1958,1958,24622.669629758315,0.6574992516619741,condition
2002-06-06,1440,56.37083333333333,141.71677055153197,130.06813838123358,3.4658310876183496,15.230296532550618,6.320240200827126,8.347635889499966,1183,1183,16917.720621959725,0.7088003914890292,condition
2002-06-07,1440,35.511805555555554,134.55062295986923,129.82482932572975,6.698931927194472,68.5725743767593,14.355751023493555,15.979115909714176,2150,2150,16854.486309454856,0.6852348765933808,condition
2002-06-08,1440,0.0,0.0,0.0,0.0,0.0,,,0,0,0.0,,condition
2002-06-09,1440,0.0,0.0,0.0,0.0,0.0,,,0,0,0.0,,condition
2002-06-10,1440,0.0,0.0,0.0,0.0,0.0,,,0,0,0.0,,condition
2002-06-14,1440,75.08055555555555,228.0069443386904,215.36547254725093,4.497340074107221,25.950114736870816,9.222341368214384,9.411994034761712,2146,2146,46382.2867655007,0.8462296625309095,condition
2002-06-15,1440,53.88958333333333,206.5563398392259,199.4719670317484,5.606650167604293,38.58062804755673,14.691542887436947,12.13712443758122,2507,2507,39789.06563151491,0.7939516925005979,condition
2002-06-16,1440,26.89444444444445,115.22256843942412,112.07877812323798,6.342028777269805,48.77884189759292,18.354812344686625,11.638344971497515,1341,1341,12561.65250559801,0.675930187354317,condition
2002-06-17,1440,86.12222222222222,223.01344316729728,205.78475785705885,3.303200258484377,13.090997998780193,6.705507166425195,7.981581624497421,1780,1780,42347.36656628834,0.690128898994041,condition
2002-06-18,1440,92.04444444444444,235.9709198185234,217.35432551093905,3.702979286302112,17.554034596646563,6.572367043996548,8.026412752285774,1894,1894,47242.90281831523,0.7648762158038998,condition
2002-06-19,1440,101.71041666666666,242.8086766823258,220.55572026747183,2.941254539164708,10.77092968296616,5.698985305724633,7.561509024663465,1836,1836,48644.82574270328,0.7729670281417569,condition
2002-06-20,1440,97.8625,230.01999007332677,208.23601896278095,3.721062035750696,20.163972655146715,5.5245708630962,8.764455642995772,2016,2016,43362.23959346768,0.6624440953001121,condition
2002-06-21,1440,89.18611111111112,246.17672908795512,229.5330185773926,3.9741514640226,19.31906220632607,7.61902747034916,7.9373871252545,1954,1954,52685.40661724966,0.6889784302267772,condition
2002-06-22,1440,79.53541666666666,224.80702063720736,210.3402918026618,4.816488489098185,30.450402088876128,7.989114007903688,10.48009974653818,2356,2356,44243.03835562892,0.6543894485640749,condition
2002-06-23,1440,79.13194444444444,250.2375704538922,237.47871698728872,4.8116875968812325,29.39622192777465,10.000031196950388,10.997549228951904,2752,2752,56396.14102192877,0.711670066082045,condition
2002-06-24,1440,73.47430555555556,203.07455014517865,189.382433399006,3.6755209716309767,16.662360682724827,7.639061732810815,8.494417438161465,1725,1725,35865.70608012893,0.706537377518838,condition
2002-06-25,1440,57.19722222222222,175.287628707156,165.75074429639258,4.3449183080618194,23.107110705082107,9.391882621674108,8.95670739332619,1570,1570,27473.309234808123,0.6313184998358109,condition
2002-06-26,1440,99.90972222222224,254.55474471232225,234.20986037363937,3.823352849811593,19.35777355027906,6.491527328142061,8.972529671686917,2284,2284,54854.258696239645,0.6130307770629024,condition
2002-11-06,1440,135.76875,227.61484128286148,182.75271800244943,1.1671272155868186,0.944712073990778,2.810615993519287,4.876659156950934,1110,1110,33398.5559372828,0.79905121098731,condition
2002-11-07,1440,144.85972222222222,254.54487707365956,209.37812495694408,2.075762201626465,7.273215069718138,3.08768811192109,7.935732289027595,2020,2020,43839.19921048568,0.7642532842429396,condition
2002-11-08,1440,180.04652777777778,306.06781769368985,247.59509005416305,1.98436554525558,5.96512168927756,2.889787001222156,7.024586956580003,2150,2150,61303.3286189291,0.7647011544954667,condition
2002-11-09,1440,126.46041666666666,250.74169837814284,216.5911815361253,2.5895722370181957,8.749362216810539,3.931369912189012,7.334240821909922,1839,1839,46911.73991921479,0.7516000979953148,condition
2002-11-10,1440,117.32222222222222,262.29011185665723,234.669644173205,3.225676787185281,13.4465846631037,4.998080834706692,7.945400553791809,2084,2084,55069.841896378646,0.7109176625981403,condition
2002-11-11,1440,170.49375,335.7014846639132,289.28443258357004,2.5508064994310278,11.367132371432447,3.876944621815693,9.305886755691848,3124,3124,83685.48293519807,0.7701343293248847,condition
2002-11-12,1440,143.60069444444446,259.7429993174878,216.5128640321096,1.6025469316563314,2.7917196980201524,3.2717086483244677,5.859638196214237,1522,1522,46877.82029138677,0.77033615331633,condition
2002-11-13,1440,191.8625,318.66825313412625,254.52548988264428,1.4909983223952123,2.8027165061892454,2.7586550669289016,5.956037293746795,1898,1898,64783.22500000006,0.7990316250497745,condition
2002-11-14,1440,201.34652777777777,346.1488650935541,281.6623961560474,1.9325076521869688,4.903928560850901,2.955544719317332,6.2112004886074565,2150,2150,79333.7054083662,0.7369191381999239,condition
2002-11-15,1440,168.90694444444443,339.0115124233329,294.0396076180844,2.380016095637484,6.685424488298492,4.02841201008127,7.182646933120517,2435,2435,86459.29084819704,0.7705403255527428,condition
2002-11-16,1440,209.43472222222223,374.88853528600856,311.03970088619315,2.1856732588068195,7.122198758572961,3.204106538458142,7.359520871704209,2759,2759,96745.69552737247,0.6997082968050247,condition
2002-11-17,1440,198.1784722222222,357.3014784852951,297.40723600050734,2.2448734618985444,9.751899002158796,3.250548680293732,9.017594927563678,3222,3222,88451.06402546148,0.7501148740868159,condition
2002-11-18,1440,151.54930555555555,301.8547560499917,261.1445201199456,2.1006399302536733,4.849511722122714,3.9672369914870864,6.486563357894304,1958,1958,68196.46038867666,0.7108328135290632,condition
2002-11-19,1440,131.40972222222223,262.0649304614751,226.8154283627015,2.558685004755928,8.390702277435086,3.977066204121147,6.586154038087637,1726,1726,51445.23854335578,0.6767559994957005,condition
2002-06-07,1440,178.43472222222223,351.87320356754776,303.3804834939741,2.4555066718806646,7.519651810239355,3.888782482503817,6.056158804917124,2131,2131,92039.7177650375,0.7729383451327393,condition
2002-06-08,1440,178.7722222222222,340.43161125906687,289.8146004482889,2.310353996754849,6.747762740114188,3.626266211026188,6.876564697802138,2341,2341,83992.50263300134,0.7346196215926872,condition
2002-06-09,1440,160.19861111111112,312.57051204488243,268.4898327108335,2.355095224943008,7.179152796528983,3.806961767930655,6.609708594978851,2066,2066,72086.79026909136,0.7555761740683152,condition
2002-06-10,1440,178.95486111111111,338.6385435747745,287.5911289431903,1.9167895016033385,3.338516657137405,3.580847083192912,4.899028865666255,1659,1659,82708.65744681873,0.7534574638517271,condition
2002-06-11,1440,225.2111111111111,419.7376048729068,354.32583542932764,2.1707927864548937,5.410594716965428,3.473570625683988,5.577293939886173,2341,2341,125546.79765269096,0.7757821780598032,condition
2002-06-12,1440,254.94375,466.9040014047618,391.2919074117705,2.183183571982492,6.802873614301478,3.35402621364757,7.509038237949535,3506,3506,153109.3568059416,0.7740882550113509,condition
2002-06-13,1440,286.4638888888889,502.9646897811681,413.5585700265515,2.5454165863392126,10.09194059682629,3.082728140735215,7.648648261319832,3847,3847,171030.6908424061,0.7365568609402977,condition
2002-06-14,1440,330.55069444444445,562.7266253351721,455.5673598799436,1.7689466375768668,3.758814679789781,2.898136127026436,5.677712509332554,3195,3195,207541.619387982,0.7717537325487406,condition
2002-06-15,1440,353.6138888888889,601.2024617381403,486.3804061221024,2.704692615653713,16.805459079841867,2.890565876885707,9.865229065850542,5931,5931,236565.89945950123,0.7956172679392833,condition
2002-06-16,1440,276.0409722222222,463.0610148481755,371.9179247171985,1.9895140581370516,4.905167665462056,2.81403400912447,5.9063490820896005,2735,2735,138322.9427259477,0.7618797958951938,condition
2002-06-17,1440,280.82430555555555,468.50280667367525,375.1403985953905,2.212963254295054,7.94834659463102,2.7832678738706127,7.2550259071713405,3399,3399,140730.31865830845,0.734163860073639,condition
2002-06-18,1440,297.12291666666664,559.1906310065965,473.8861511540079,2.0608231929578125,4.643805468749484,3.541991164863369,5.8942332314597,3296,3296,224568.0842555592,0.8072522689054211,condition
2002-06-19,1440,234.70486111111111,442.0174731023399,374.687293818052,2.541963953107843,10.633464093877484,3.546783715101409,7.689741258742124,3399,3399,140390.56814869525,0.7443753253152275,condition
2002-06-20,1440,275.89722222222224,459.4769610957417,367.5508339789802,1.937413483278616,6.03896631168863,2.7735297215189934,7.397541743756215,3399,3399,135093.61555864388,0.7076048393054849,condition
2002-06-21,1440,260.36944444444447,480.4209034216189,403.8877050460818,1.940191162173565,4.60235906468729,3.4045816832217497,6.446430573571573,3097,3097,163125.27828739077,0.8148407957960203,condition
2002-06-22,1440,259.7340277777778,445.9978800709458,362.6895278738453,1.9858782548924288,4.921685907299583,2.948545868616524,5.762359228234862,2570,2570,131543.69362935278,0.7677472847492104,condition
2002-06-23,1440,156.85208333333333,367.569178107257,332.5376929459985,2.6768292637890525,7.318782924154564,5.491583500922565,5.449314358494778,2003,2003,110581.3172298472,0.8209899771898702,condition
2002-06-24,1440,1.0875,14.699773240881417,14.66458377769978,15.796625041341146,271.91770594094595,182.7101774783107,21.9050998082398,322,322,215.0500173731756,0.0288532054222634,condition
2002-06-25,1440,0.3847222222222222,9.719753654857264,9.71551076022758,34.73665231510997,1265.4480916035232,638.2869579950215,36.7293259352922,357,357,94.39114933209788,0.1377301969478569,condition
2002-06-26,1440,0.6631944444444444,10.39247190144011,10.374892492742587,29.410417733697784,977.6421226898588,245.55905813985365,34.35178881268177,357,357,107.6383942359665,0.3476130728173652,condition
2002-06-27,1440,0.4090277777777777,8.393987596951629,8.386928619822754,26.014222200167787,689.4762975171725,421.1444103989093,27.519697561131764,231,231,70.340571674002,0.0293313347722265,condition
